{
  "Profiles" : [
    {
      "Cursor Color" : {
        "Green Component" : 0.8784313725490196,
        "Red Component" : 0.96078431372549022,
        "Blue Component" : 0.86274509803921573
      },
      "Selected Text Color" : {
        "Green Component" : 0.83921568627450982,
        "Red Component" : 0.80392156862745101,
        "Blue Component" : 0.95686274509803926
      },
      "Window Columns" : 120,
      "Bold Color" : {
        "Green Component" : 0.83921568627450982,
        "Red Component" : 0.80392156862745101,
        "Blue Component" : 0.95686274509803926
      },
      "Name" : "Default",
      "Ansi 5 Color" : {
        "Green Component" : 0.65098039215686276,
        "Red Component" : 0.79607843137254897,
        "Blue Component" : 0.96862745098039216
      },
      "Cursor Type" : 0,
      "Foreground Color" : {
        "Green Component" : 0.83921568627450982,
        "Red Component" : 0.80392156862745101,
        "Blue Component" : 0.95686274509803926
      },
      "Ansi 4 Color" : {
        "Green Component" : 0.70588235294117652,
        "Red Component" : 0.53725490196078429,
        "Blue Component" : 0.98039215686274506
      },
      "Dynamic Profile Parent Name" : "Default",
      "Window Rows" : 40,
      "Ansi 10 Color" : {
        "Green Component" : 0.8901960784313725,
        "Red Component" : 0.65098039215686276,
        "Blue Component" : 0.63137254901960782
      },
      "Ansi 3 Color" : {
        "Green Component" : 0.88627450980392153,
        "Red Component" : 0.97647058823529409,
        "Blue Component" : 0.68627450980392157
      },
      "Ansi 12 Color" : {
        "Green Component" : 0.70588235294117652,
        "Red Component" : 0.53725490196078429,
        "Blue Component" : 0.98039215686274506
      },
      "Ansi 14 Color" : {
        "Green Component" : 0.88627450980392153,
        "Red Component" : 0.58039215686274515,
        "Blue Component" : 0.83137254901960789
      },
      "Use Separate Colors for Light and Dark Mode" : false,
      "Ansi 2 Color" : {
        "Green Component" : 0.8901960784313725,
        "Red Component" : 0.65098039215686276,
        "Blue Component" : 0.63137254901960782
      },
      "Ansi 9 Color" : {
        "Green Component" : 0.54509803921568623,
        "Red Component" : 0.95294117647058818,
        "Blue Component" : 0.6588235294117647
      },
      "Guid" : "7812AA97-7135-40E5-BC7E-4B6741C2F02B",
      "Font" : "HackNerdFontMono-Regular 13",
      "Selection Color" : {
        "Green Component" : 0.27450980392156865,
        "Red Component" : 0.27450980392156865,
        "Blue Component" : 0.35294117647058826
      },
      "Ansi 1 Color" : {
        "Green Component" : 0.54509803921568623,
        "Red Component" : 0.95294117647058818,
        "Blue Component" : 0.6588235294117647
      },
      "Ansi 8 Color" : {
        "Green Component" : 0.4392156862745098,
        "Red Component" : 0.42352941176470588,
        "Blue Component" : 0.52549019607843139
      },
      "Working Directory" : "~\/",
      "Rewritable" : true,
      "Background Color" : {
        "Red Component" : 0.30000001192092896,
        "Color Space" : "P3",
        "Blue Component" : 0.30000001192092896,
        "Alpha Component" : 1,
        "Green Component" : 0.30000001192092896
      },
      "Smart Cursor Color" : true,
      "Ansi 7 Color" : {
        "Green Component" : 0.75686274509803919,
        "Red Component" : 0.73333333333333328,
        "Blue Component" : 0.78823529411764703
      },
      "Ansi 0 Color" : {
        "Green Component" : 0.34509803921568627,
        "Red Component" : 0.29411764705882354,
        "Blue Component" : 0.42745098039215684
      },
      "Custom Directory" : "Recycle",
      "Cursor Text Color" : {
        "Red Component" : 0.30000001192092896,
        "Color Space" : "P3",
        "Blue Component" : 0.30000001192092896,
        "Alpha Component" : 1,
        "Green Component" : 0.30000001192092896
      },
      "Scrollback Lines" : 10000,
      "Ansi 11 Color" : {
        "Green Component" : 0.88627450980392153,
        "Red Component" : 0.97647058823529409,
        "Blue Component" : 0.68627450980392157
      },
      "Ansi 13 Color" : {
        "Green Component" : 0.65098039215686276,
        "Red Component" : 0.79607843137254897,
        "Blue Component" : 0.96862745098039216
      },
      "Ansi 15 Color" : {
        "Green Component" : 0.83921568627450982,
        "Red Component" : 0.80392156862745101,
        "Blue Component" : 0.95686274509803926
      },
      "Ansi 6 Color" : {
        "Green Component" : 0.88627450980392153,
        "Red Component" : 0.58039215686274515,
        "Blue Component" : 0.83137254901960789
      }
    }
  ]
}