{
  "Profiles": [
    {
      "Name": "Default",
      "Guid": "default-profile",
      "Dynamic Profile Parent Name": "Default",

      "Font": "HackNerdFontMono-Regular 13",
      "Use Non-ASCII Font": false,

      "Terminal Type": "xterm-256color",
      "Use Bold Font": true,
      "Use Italic Font": true,

      "Scrollback Lines": 10000,
      "Unlimited Scrollback": false,

      "Cursor Type": 0,
      "Cursor Boost": 0,
      "Blinking Cursor": false,

      "Window Columns": 120,
      "Window Rows": 40,

      "Transparency": 0,
      "Blur": false,

      "Working Directory": "~/",
      "Custom Directory": "Recycle",

      "Ansi 0 Color": {
        "Red Component": 0.29411764705882354,
        "Green Component": 0.34509803921568627,
        "Blue Component": 0.42745098039215684
      },
      "Ansi 1 Color": {
        "Red Component": 0.9529411764705882,
        "Green Component": 0.5450980392156862,
        "Blue Component": 0.6588235294117647
      },
      "Ansi 2 Color": {
        "Red Component": 0.6509803921568628,
        "Green Component": 0.8901960784313725,
        "Blue Component": 0.6313725490196078
      },
      "Ansi 3 Color": {
        "Red Component": 0.9764705882352941,
        "Green Component": 0.8862745098039215,
        "Blue Component": 0.6862745098039216
      },
      "Ansi 4 Color": {
        "Red Component": 0.5372549019607843,
        "Green Component": 0.7058823529411765,
        "Blue Component": 0.9803921568627451
      },
      "Ansi 5 Color": {
        "Red Component": 0.796078431372549,
        "Green Component": 0.6509803921568628,
        "Blue Component": 0.9686274509803922
      },
      "Ansi 6 Color": {
        "Red Component": 0.5803921568627451,
        "Green Component": 0.8862745098039215,
        "Blue Component": 0.8313725490196079
      },
      "Ansi 7 Color": {
        "Red Component": 0.7333333333333333,
        "Green Component": 0.7568627450980392,
        "Blue Component": 0.788235294117647
      },
      "Ansi 8 Color": {
        "Red Component": 0.42352941176470588,
        "Green Component": 0.4392156862745098,
        "Blue Component": 0.5254901960784314
      },
      "Ansi 9 Color": {
        "Red Component": 0.9529411764705882,
        "Green Component": 0.5450980392156862,
        "Blue Component": 0.6588235294117647
      },
      "Ansi 10 Color": {
        "Red Component": 0.6509803921568628,
        "Green Component": 0.8901960784313725,
        "Blue Component": 0.6313725490196078
      },
      "Ansi 11 Color": {
        "Red Component": 0.9764705882352941,
        "Green Component": 0.8862745098039215,
        "Blue Component": 0.6862745098039216
      },
      "Ansi 12 Color": {
        "Red Component": 0.5372549019607843,
        "Green Component": 0.7058823529411765,
        "Blue Component": 0.9803921568627451
      },
      "Ansi 13 Color": {
        "Red Component": 0.796078431372549,
        "Green Component": 0.6509803921568628,
        "Blue Component": 0.9686274509803922
      },
      "Ansi 14 Color": {
        "Red Component": 0.5803921568627451,
        "Green Component": 0.8862745098039215,
        "Blue Component": 0.8313725490196079
      },
      "Ansi 15 Color": {
        "Red Component": 0.803921568627451,
        "Green Component": 0.8392156862745098,
        "Blue Component": 0.9568627450980393
      },
      "Background Color": {
        "Red Component": 0.11764705882352941,
        "Green Component": 0.11764705882352941,
        "Blue Component": 0.1803921568627451
      },
      "Foreground Color": {
        "Red Component": 0.803921568627451,
        "Green Component": 0.8392156862745098,
        "Blue Component": 0.9568627450980393
      },
      "Bold Color": {
        "Red Component": 0.803921568627451,
        "Green Component": 0.8392156862745098,
        "Blue Component": 0.9568627450980393
      },
      "Cursor Color": {
        "Red Component": 0.9607843137254902,
        "Green Component": 0.8784313725490196,
        "Blue Component": 0.8627450980392157
      },
      "Cursor Text Color": {
        "Red Component": 0.11764705882352941,
        "Green Component": 0.11764705882352941,
        "Blue Component": 0.1803921568627451
      },
      "Selection Color": {
        "Red Component": 0.27450980392156865,
        "Green Component": 0.27450980392156865,
        "Blue Component": 0.35294117647058826
      },
      "Selected Text Color": {
        "Red Component": 0.803921568627451,
        "Green Component": 0.8392156862745098,
        "Blue Component": 0.9568627450980393
      }
    }
  ]
}
